disturbance_rate,method,task_id,episodes,failure_recovery_rate,task_success_rate
0.05,agentchord,clean_desk,3000,1.0,1.0
0.05,agentchord,fruit_bowl_and_drawer,3000,1.0,1.0
0.05,agentchord,make_tea,3000,1.0,1.0
0.05,agentchord,pack_lunch,3000,1.0,1.0
0.05,agentchord,prepare_ingredients,3000,1.0,1.0
0.05,agentchord,set_breakfast_table,3000,1.0,1.0
0.05,baton_str,clean_desk,3000,1.0,1.0
0.05,baton_str,fruit_bowl_and_drawer,3000,1.0,1.0
0.05,baton_str,make_tea,3000,1.0,1.0
0.05,baton_str,pack_lunch,3000,1.0,1.0
0.05,baton_str,prepare_ingredients,3000,1.0,1.0
0.05,baton_str,set_breakfast_table,3000,1.0,1.0
0.05,doremi,clean_desk,3000,0.9976666666666667,0.9953333333333333
0.05,doremi,fruit_bowl_and_drawer,3000,0.989,0.9843333333333333
0.05,doremi,make_tea,3000,1.0,1.0
0.05,doremi,pack_lunch,3000,0.9956666666666667,0.9903333333333333
0.05,doremi,prepare_ingredients,3000,1.0,1.0
0.05,doremi,set_breakfast_table,3000,1.0,1.0
0.05,inner_monologue,clean_desk,3000,0.9976666666666667,0.9953333333333333
0.05,inner_monologue,fruit_bowl_and_drawer,3000,0.989,0.9843333333333333
0.05,inner_monologue,make_tea,3000,1.0,1.0
0.05,inner_monologue,pack_lunch,3000,0.9956666666666667,0.9903333333333333
0.05,inner_monologue,prepare_ingredients,3000,1.0,1.0
0.05,inner_monologue,set_breakfast_table,3000,1.0,1.0
0.05,no_recovery,clean_desk,3000,0.2713333333333333,0.2713333333333333
0.05,no_recovery,fruit_bowl_and_drawer,3000,0.26366666666666666,0.26366666666666666
0.05,no_recovery,make_tea,3000,1.0,1.0
0.05,no_recovery,pack_lunch,3000,0.219,0.219
0.05,no_recovery,prepare_ingredients,3000,1.0,1.0
0.05,no_recovery,set_breakfast_table,3000,1.0,1.0
0.05,rekep,clean_desk,3000,0.2693333333333333,0.2693333333333333
0.05,rekep,fruit_bowl_and_drawer,3000,0.261,0.261
0.05,rekep,make_tea,3000,0.999047921294827,0.999
0.05,rekep,pack_lunch,3000,0.22033333333333333,0.22033333333333333
0.05,rekep,prepare_ingredients,3000,0.9996666666666667,0.9983333333333333
0.05,rekep,set_breakfast_table,3000,0.9996671105193076,0.9963333333333333
0.15,agentchord,clean_desk,3000,1.0,1.0
0.15,agentchord,fruit_bowl_and_drawer,3000,1.0,1.0
0.15,agentchord,make_tea,3000,1.0,1.0
0.15,agentchord,pack_lunch,3000,1.0,1.0
0.15,agentchord,prepare_ingredients,3000,1.0,1.0
0.15,agentchord,set_breakfast_table,3000,1.0,1.0
0.15,baton_str,clean_desk,3000,1.0,1.0
0.15,baton_str,fruit_bowl_and_drawer,3000,1.0,1.0
0.15,baton_str,make_tea,3000,1.0,1.0
0.15,baton_str,pack_lunch,3000,1.0,1.0
0.15,baton_str,prepare_ingredients,3000,1.0,1.0
0.15,baton_str,set_breakfast_table,3000,1.0,1.0
0.15,doremi,clean_desk,3000,0.993,0.9893333333333333
0.15,doremi,fruit_bowl_and_drawer,3000,0.9816666666666667,0.9766666666666667
0.15,doremi,make_tea,3000,1.0,1.0
0.15,doremi,pack_lunch,3000,0.9913333333333333,0.9833333333333333
0.15,doremi,prepare_ingredients,3000,1.0,1.0
0.15,doremi,set_breakfast_table,3000,1.0,1.0
0.15,inner_monologue,clean_desk,3000,0.993,0.9893333333333333
0.15,inner_monologue,fruit_bowl_and_drawer,3000,0.9816666666666667,0.9766666666666667
0.15,inner_monologue,make_tea,3000,1.0,1.0
0.15,inner_monologue,pack_lunch,3000,0.9913333333333333,0.9833333333333333
0.15,inner_monologue,prepare_ingredients,3000,1.0,1.0
0.15,inner_monologue,set_breakfast_table,3000,1.0,1.0
0.15,no_recovery,clean_desk,3000,0.24633333333333332,0.24633333333333332
0.15,no_recovery,fruit_bowl_and_drawer,3000,0.23533333333333334,0.23533333333333334
0.15,no_recovery,make_tea,3000,0.9997104806022004,0.9996666666666667
0.15,no_recovery,pack_lunch,3000,0.19633333333333333,0.19633333333333333
0.15,no_recovery,prepare_ingredients,3000,1.0,1.0
0.15,no_recovery,set_breakfast_table,3000,1.0,1.0
0.15,rekep,clean_desk,3000,0.24566666666666667,0.24566666666666667
0.15,rekep,fruit_bowl_and_drawer,3000,0.233,0.233
0.15,rekep,make_tea,3000,0.9950767448595425,0.993
0.15,rekep,pack_lunch,3000,0.19666666666666666,0.19666666666666666
0.15,rekep,prepare_ingredients,3000,0.9983333333333333,0.9966666666666667
0.15,rekep,set_breakfast_table,3000,0.9980092899800929,0.9936666666666667
0.35,agentchord,clean_desk,3000,0.9996666666666667,0.9993333333333333
0.35,agentchord,fruit_bowl_and_drawer,3000,1.0,1.0
0.35,agentchord,make_tea,3000,1.0,1.0
0.35,agentchord,pack_lunch,3000,0.9993333333333333,0.999
0.35,agentchord,prepare_ingredients,3000,1.0,0.9996666666666667
0.35,agentchord,set_breakfast_table,3000,1.0,1.0
0.35,baton_str,clean_desk,3000,1.0,1.0
0.35,baton_str,fruit_bowl_and_drawer,3000,1.0,1.0
0.35,baton_str,make_tea,3000,1.0,1.0
0.35,baton_str,pack_lunch,3000,1.0,1.0
0.35,baton_str,prepare_ingredients,3000,1.0,0.9996666666666667
0.35,baton_str,set_breakfast_table,3000,1.0,1.0
0.35,doremi,clean_desk,3000,0.98,0.9716666666666667
0.35,doremi,fruit_bowl_and_drawer,3000,0.947,0.9363333333333334
0.35,doremi,make_tea,3000,1.0,1.0
0.35,doremi,pack_lunch,3000,0.964,0.9436666666666667
0.35,doremi,prepare_ingredients,3000,1.0,0.9996666666666667
0.35,doremi,set_breakfast_table,3000,1.0,1.0
0.35,inner_monologue,clean_desk,3000,0.98,0.9716666666666667
0.35,inner_monologue,fruit_bowl_and_drawer,3000,0.947,0.9363333333333334
0.35,inner_monologue,make_tea,3000,1.0,1.0
0.35,inner_monologue,pack_lunch,3000,0.964,0.9436666666666667
0.35,inner_monologue,prepare_ingredients,3000,1.0,0.9996666666666667
0.35,inner_monologue,set_breakfast_table,3000,1.0,1.0
0.35,no_recovery,clean_desk,3000,0.18433333333333332,0.18433333333333332
0.35,no_recovery,fruit_bowl_and_drawer,3000,0.17466666666666666,0.17466666666666666
0.35,no_recovery,make_tea,3000,0.9992603550295858,0.999
0.35,no_recovery,pack_lunch,3000,0.15133333333333332,0.15133333333333332
0.35,no_recovery,prepare_ingredients,3000,0.9996666666666667,0.9993333333333333
0.35,no_recovery,set_breakfast_table,3000,0.9996702934388394,0.999
0.35,rekep,clean_desk,3000,0.184,0.184
0.35,rekep,fruit_bowl_and_drawer,3000,0.17533333333333334,0.17533333333333334
0.35,rekep,make_tea,3000,0.9763138415988157,0.964
0.35,rekep,pack_lunch,3000,0.14966666666666667,0.14966666666666667
0.35,rekep,prepare_ingredients,3000,0.9896666666666667,0.9856666666666667
0.35,rekep,set_breakfast_table,3000,0.9904511030622325,0.9766666666666667
